,V,M,M,G,L,L,M,F,Y
Y,0.07434327900409698,0.06875395029783249,0.07144579291343689,0.17322850227355957,0.1899951994419098,0.20075225830078125,0.13073673844337463,0.15807420015335083,0.11013847589492798
Y,0.06177226081490517,0.0680360496044159,0.06599880754947662,0.17861664295196533,0.16056644916534424,0.17683616280555725,0.10531008243560791,0.13006824254989624,0.08411093056201935
A,0.05233607068657875,0.10194971412420273,0.09695488214492798,0.2414548397064209,0.13941945135593414,0.18282298743724823,0.08012201637029648,0.21098075807094574,0.17868277430534363
M,0.2719302773475647,0.28390687704086304,0.16339273750782013,0.09716066718101501,0.20164033770561218,0.20160113275051117,0.08220618963241577,0.34467029571533203,0.19572220742702484
Y,0.05853686109185219,0.08110111206769943,0.07318049669265747,0.16313110291957855,0.11287961155176163,0.13575607538223267,0.11650682985782623,0.12511475384235382,0.11181257665157318
R,0.3374219834804535,0.4492778182029724,0.3471752107143402,0.20983323454856873,0.18250983953475952,0.24405381083488464,0.10387668758630753,0.29874077439308167,0.17325156927108765
N,0.5898809432983398,0.8071713447570801,0.44612613320350647,0.10724109411239624,0.16544313728809357,0.15841040015220642,0.1079402044415474,0.11725994944572449,0.8563392162322998
N,0.4858640730381012,0.761893093585968,0.46191659569740295,0.12272197008132935,0.16657909750938416,0.153764009475708,0.11439931392669678,0.1186777800321579,0.7686315178871155
V,0.08501116186380386,0.08649156987667084,0.09409133344888687,0.09879220277070999,0.11804011464118958,0.1321938931941986,0.1708294004201889,0.16019035875797272,0.16571536660194397
A,0.043259527534246445,0.07339734584093094,0.08193479478359222,0.42981165647506714,0.11872502416372299,0.15288066864013672,0.07410214096307755,0.233562171459198,0.24999232590198517
H,0.9896499514579773,0.8115871548652649,0.6058555841445923,0.16617873311042786,0.22675195336341858,0.24140402674674988,0.1648026555776596,0.3314722776412964,1.2255157232284546
T,0.10100357979536057,0.16822487115859985,0.13696062564849854,0.12457689642906189,0.15235190093517303,0.12858062982559204,0.15662972629070282,0.10900702327489853,0.08454637229442596
D,0.3408057391643524,0.6281311511993408,0.5447641015052795,0.4022672772407532,0.11412310600280762,0.14883968234062195,0.142422154545784,0.14990010857582092,0.23133428394794464
A,0.029543455690145493,0.051910318434238434,0.056906428188085556,0.5944772362709045,0.13259688019752502,0.14695274829864502,0.04966213181614876,0.1300761103630066,0.2816430330276489
N,0.3216066062450409,0.691279947757721,0.4278559982776642,0.12828263640403748,0.18787062168121338,0.17744523286819458,0.10796317458152771,0.08651163429021835,0.5364484786987305
T,0.1529616117477417,0.4720408022403717,0.2258913666009903,0.1452154666185379,0.13193441927433014,0.1159350723028183,0.17915786802768707,0.16288621723651886,0.06146565079689026
L,0.14309857785701752,0.5066127181053162,0.41178685426712036,0.22712913155555725,0.2679411470890045,0.25710153579711914,0.0990576446056366,0.22627389430999756,0.21696630120277405
Y,0.058959152549505234,0.08887237310409546,0.089287668466568,0.21952368319034576,0.14748886227607727,0.15683212876319885,0.13763992488384247,0.15476001799106598,0.11612316220998764
I,0.2627246379852295,0.7277625799179077,0.3068752884864807,0.4126972556114197,0.18043339252471924,0.1536041498184204,0.13404403626918793,0.28920096158981323,0.4825616180896759
R,0.2955506443977356,0.41191938519477844,0.3551851809024811,0.22577494382858276,0.25439488887786865,0.24533522129058838,0.08237073570489883,0.3048349618911743,0.09949083626270294
Y,0.0717039555311203,0.09140852093696594,0.08044739812612534,0.2097657173871994,0.11289092153310776,0.13157328963279724,0.09920499473810196,0.08509503304958344,0.09118331968784332
Q,0.28002694249153137,0.08894078433513641,0.13080446422100067,0.1877906322479248,0.1492466926574707,0.1904812753200531,0.06693267077207565,0.12367020547389984,0.6709917187690735
D,0.7758699059486389,0.9789859652519226,0.769743800163269,0.12924043834209442,0.08056273311376572,0.11969109624624252,0.08860179781913757,0.2251780480146408,0.11634545773267746
Y,0.04032695293426514,0.11322671175003052,0.11378747224807739,0.15387676656246185,0.12655165791511536,0.1270182579755783,0.15963779389858246,0.09399037063121796,0.09369353204965591
T,0.11734861880540848,0.8064379692077637,0.39170897006988525,0.16439691185951233,0.10376125574111938,0.09688235074281693,0.19301019608974457,0.1362934410572052,0.06669338047504425
W,0.12417066842317581,0.297653466463089,0.2916221618652344,0.1669008731842041,0.1079556867480278,0.10756465047597885,0.44588708877563477,0.25156623125076294,0.3034746050834656
A,0.05524500086903572,0.14825664460659027,0.14474816620349884,0.20544758439064026,0.07663849741220474,0.08345408737659454,0.08941134810447693,0.12688234448432922,0.2642495036125183
E,0.06425303220748901,0.3414629399776459,0.33522337675094604,0.06265898793935776,0.11143521964550018,0.11463563144207001,0.30147314071655273,0.1213143989443779,0.06364712119102478
W,0.329546183347702,0.3193426728248596,0.23410552740097046,0.04156442731618881,0.10416124016046524,0.11822180449962616,0.4270244240760803,0.15674971044063568,0.1427982747554779
A,0.06315520405769348,0.1220916211605072,0.10934814810752869,0.06968820095062256,0.09214738756418228,0.125495046377182,0.12270186841487885,0.13044343888759613,0.1269710808992386
Y,0.05378837138414383,0.07942996919155121,0.0698031410574913,0.06223474442958832,0.08789251744747162,0.1040487289428711,0.11893068253993988,0.0823715403676033,0.08304945379495621
R,0.20700377225875854,0.6657818555831909,0.47332248091697693,0.15559525787830353,0.19498659670352936,0.23068203032016754,0.18941304087638855,0.22005704045295715,0.07344812899827957
W,0.1757580041885376,0.1230827271938324,0.10225138068199158,0.1818394511938095,0.14328131079673767,0.1847745180130005,0.22075742483139038,0.1882849633693695,0.1655532568693161
Y,0.05478321760892868,0.09035346657037735,0.07881416380405426,0.18432167172431946,0.13255982100963593,0.15520422160625458,0.1293918937444687,0.13131524622440338,0.05559307336807251
sum,7.169239521026611,11.606775283813477,8.38931655883789,6.443437099456787,4.975757598876953,5.400827884674072,4.992157459259033,5.915475368499756,8.548184394836426
posi,1.0,2.0,3.0,4.0,5.0,6.0,7.0,8.0,9.0
contrib,0.11300610295949336,0.18295335773110097,0.13223773149541257,0.10156554459348913,0.07843104890986433,0.08513127650596115,0.07868955391662595,0.09324347674344483,0.1347419071446077
